modelo,mae,rmse,r2
Regressao Linear,4.595457261695284,6.370948100587607,0.7224693278250667
