modelo,mae,rmse,r2
Regressao Linear,4.59545726169527,6.3709481005875945,0.7224693278250678
