modelo,mae,rmse,r2
Regressao Linear (Gradient Descent),4.571603450438407,6.239006802772772,0.7338455257173457
Regressao Linear (Exata),4.595457261695284,6.370948100587607,0.7224693278250667
