modelo,mae,rmse,r2
Ridge (log alvo),3.970534580090962,5.162136946125565,0.8243877511448887
Elastic Net (log alvo),4.070550552872941,5.427024358033634,0.8059027856197957
Regressao Linear (log alvo),4.227154753305049,5.6914771251898255,0.7865256251879763
